TITLE,LIST1,LIST2,LIST3
突撃！風雲マリンパーク,突撃！,風雲,マリンパーク
不思議！シーパラダイス発見,不思議！,シーパラダイス,発見
ゆったりたっぷり！深海水族館,ゆったりたっぷり！,,深海水族館
私たちのベストヒットステージ！,私たちの,ベストヒット,ステージ！
松月（パインムーン）をさがして❤,松月（パインムーン）,,をさがして❤
淡島ホテルへようこそ❤,淡島ホテルへ,,ようこそ❤
遊覧船でどこまでも❤,遊覧船で,,どこまでも❤
包丁人ルビィ,包丁人,,ルビィ
仁義なきデコ,仁義なき,,デコ
戦場なメリークリスマス,戦場な,,メリークリスマス
ほんとのクリスマスパーティー,ほんとの,クリスマス,パーティー
Aqoursのグルメレポート～丸天編～,Aqoursの,グルメレポート,～丸天編～
Aqoursのグルメレポート～沼津バーガー編～,Aqoursの,グルメレポート,～沼津バーガー編～
Aqoursのグルメレポート～みなと新鮮館編～,Aqoursの,グルメレポート,～みなと新鮮館編～
団結！私たちのサバイバル,団結！,私たちの,サバイバル
怪奇！真夜中のミステリー,怪奇！,真夜中の,ミステリー
奇跡！未来へのトレジャー,奇跡！,未来への,トレジャー
レアな沼津をめしあがれ❤,レアな,沼津を,めしあがれ❤
沼津スイーツ❤ハンティング,沼津スイーツ,❤,ハンティング
十番勝負❤沼津やまやの陣,十番勝負,❤,沼津やまやの陣
南天の白き千歌と果南,南天の白き,,千歌と果南
西天の眩きルビィとダイヤ,西天の眩き,,ルビィとダイヤ
東天の危うき曜と善子,東天の危うき,,曜と善子
北天の遙かなる梨子と鞠莉と花丸と……,北天の遙かなる,,梨子と鞠莉と花丸と……
パーティー de シチュエーション！？,パーティー, de ,シチュエーション！？
パーティー de ミステリー！？,パーティー, de ,ミステリー！？
パーティー de バスタイム！？,パーティー, de ,バスタイム！？
全力キャンプ！沼津市営球場,全力キャンプ！,,沼津市営球場
極限サバイブ！鮎壷の滝,極限サバイブ！,,鮎壷の滝
渾身アタック！大竜宮城,渾身アタック！,,大竜宮城
聖良と理亞をおもてなせ！,聖良と,理亞を,おもてなせ！
聖良と理亞を波打ちぎわで！,聖良と,理亞を,波打ちぎわで！
聖良と理亞を沼津の味で！,聖良と,理亞を,沼津の味で！
沼津にイカがやってきた！,沼津に,イカが,やってきた！
函館のイカか、沼津のイカか,函館のイカか、,,沼津のイカか
そしてここにてバレンタイン勝負,そして,ここにて,バレンタイン勝負
輝くマイ・スイート・タウン,輝く,マイ・スイート・,タウン
